agency,site_num,date,discharge_cfs,height_ft
USGS,402114105350101,2013-09-09 00:00,27,4.21
USGS,402114105350101,2013-09-09 00:15,27,4.2
USGS,402114105350101,2013-09-09 00:30,27,4.21
USGS,402114105350101,2013-09-09 00:45,27,4.21
USGS,402114105350101,2013-09-09 01:00,28,4.22
USGS,402114105350101,2013-09-09 01:15,28,4.22
USGS,402114105350101,2013-09-09 01:30,28,4.22
USGS,402114105350101,2013-09-09 01:45,28,4.22
USGS,402114105350101,2013-09-09 02:00,28,4.22
USGS,402114105350101,2013-09-09 02:15,28,4.22
USGS,402114105350101,2013-09-09 02:30,27,4.21
USGS,402114105350101,2013-09-09 02:45,28,4.22
USGS,402114105350101,2013-09-09 03:00,28,4.22
USGS,402114105350101,2013-09-09 03:15,28,4.22
USGS,402114105350101,2013-09-09 03:30,27,4.21
USGS,402114105350101,2013-09-09 03:45,27,4.21
USGS,402114105350101,2013-09-09 04:00,28,4.22
USGS,402114105350101,2013-09-09 04:15,28,4.22
USGS,402114105350101,2013-09-09 04:30,28,4.22
USGS,402114105350101,2013-09-09 04:45,28,4.22
USGS,402114105350101,2013-09-09 05:00,29,4.23
USGS,402114105350101,2013-09-09 05:15,28,4.22
USGS,402114105350101,2013-09-09 05:30,28,4.22
USGS,402114105350101,2013-09-09 05:45,29,4.23
USGS,402114105350101,2013-09-09 06:00,28,4.22
USGS,402114105350101,2013-09-09 06:15,28,4.22
USGS,402114105350101,2013-09-09 06:30,29,4.23
USGS,402114105350101,2013-09-09 06:45,29,4.23
USGS,402114105350101,2013-09-09 07:00,29,4.23
USGS,402114105350101,2013-09-09 07:15,29,4.23
USGS,402114105350101,2013-09-09 07:30,28,4.22
USGS,402114105350101,2013-09-09 07:45,29,4.23
USGS,402114105350101,2013-09-09 08:00,29,4.23
USGS,402114105350101,2013-09-09 08:15,29,4.23
USGS,402114105350101,2013-09-09 08:30,28,4.22
USGS,402114105350101,2013-09-09 08:45,29,4.23
USGS,402114105350101,2013-09-09 09:00,29,4.23
USGS,402114105350101,2013-09-09 09:15,28,4.22
USGS,402114105350101,2013-09-09 09:30,29,4.23
USGS,402114105350101,2013-09-09 09:45,29,4.23
USGS,402114105350101,2013-09-09 10:00,29,4.23
USGS,402114105350101,2013-09-09 10:15,29,4.23
USGS,402114105350101,2013-09-09 10:30,29,4.23
USGS,402114105350101,2013-09-09 10:45,29,4.23
USGS,402114105350101,2013-09-09 11:00,29,4.23
USGS,402114105350101,2013-09-09 11:15,29,4.23
USGS,402114105350101,2013-09-09 11:30,28,4.22
USGS,402114105350101,2013-09-09 11:45,28,4.22
USGS,402114105350101,2013-09-09 12:00,29,4.23
USGS,402114105350101,2013-09-09 12:15,29,4.23
USGS,402114105350101,2013-09-09 12:30,29,4.23
USGS,402114105350101,2013-09-09 12:45,29,4.23
USGS,402114105350101,2013-09-09 13:00,28,4.22
USGS,402114105350101,2013-09-09 13:15,28,4.22
USGS,402114105350101,2013-09-09 13:30,28,4.22
USGS,402114105350101,2013-09-09 13:45,28,4.22
USGS,402114105350101,2013-09-09 14:00,27,4.21
USGS,402114105350101,2013-09-09 14:15,28,4.22
USGS,402114105350101,2013-09-09 14:30,28,4.22
USGS,402114105350101,2013-09-09 14:45,28,4.22
USGS,402114105350101,2013-09-09 15:00,28,4.22
USGS,402114105350101,2013-09-09 15:15,28,4.22
USGS,402114105350101,2013-09-09 15:30,27,4.21
USGS,402114105350101,2013-09-09 15:45,28,4.22
USGS,402114105350101,2013-09-09 16:00,28,4.22
USGS,402114105350101,2013-09-09 16:15,28,4.22
USGS,402114105350101,2013-09-09 16:30,27,4.21
USGS,402114105350101,2013-09-09 16:45,27,4.21
USGS,402114105350101,2013-09-09 17:00,27,4.21
USGS,402114105350101,2013-09-09 17:15,28,4.22
USGS,402114105350101,2013-09-09 17:30,27,4.21
USGS,402114105350101,2013-09-09 17:45,27,4.21
USGS,402114105350101,2013-09-09 18:00,28,4.22
USGS,402114105350101,2013-09-09 18:15,28,4.22
USGS,402114105350101,2013-09-09 18:30,27,4.21
USGS,402114105350101,2013-09-09 18:45,28,4.22
USGS,402114105350101,2013-09-09 19:00,28,4.22
USGS,402114105350101,2013-09-09 19:15,27,4.21
USGS,402114105350101,2013-09-09 19:30,27,4.21
USGS,402114105350101,2013-09-09 19:45,27,4.21
USGS,402114105350101,2013-09-09 20:00,27,4.21
USGS,402114105350101,2013-09-09 20:15,28,4.22
USGS,402114105350101,2013-09-09 20:30,29,4.23
USGS,402114105350101,2013-09-09 20:45,29,4.23
USGS,402114105350101,2013-09-09 21:00,29,4.23
USGS,402114105350101,2013-09-09 21:15,29,4.23
USGS,402114105350101,2013-09-09 21:30,29,4.23
USGS,402114105350101,2013-09-09 21:45,28,4.22
USGS,402114105350101,2013-09-09 22:00,29,4.23
USGS,402114105350101,2013-09-09 22:15,30,4.24
USGS,402114105350101,2013-09-09 22:30,30,4.24
USGS,402114105350101,2013-09-09 22:45,29,4.23
USGS,402114105350101,2013-09-09 23:00,29,4.23
USGS,402114105350101,2013-09-09 23:15,29,4.23
USGS,402114105350101,2013-09-09 23:30,29,4.23
USGS,402114105350101,2013-09-09 23:45,30,4.24
USGS,402114105350101,2013-09-10 00:00,30,4.24
USGS,402114105350101,2013-09-10 00:15,30,4.24
USGS,402114105350101,2013-09-10 00:30,31,4.25
USGS,402114105350101,2013-09-10 00:45,31,4.25
USGS,402114105350101,2013-09-10 01:00,31,4.25
USGS,402114105350101,2013-09-10 01:15,31,4.25
USGS,402114105350101,2013-09-10 01:30,31,4.25
USGS,402114105350101,2013-09-10 01:45,31,4.25
USGS,402114105350101,2013-09-10 02:00,31,4.25
USGS,402114105350101,2013-09-10 02:15,31,4.25
USGS,402114105350101,2013-09-10 02:30,32,4.26
USGS,402114105350101,2013-09-10 02:45,33,4.27
USGS,402114105350101,2013-09-10 03:00,34,4.28
USGS,402114105350101,2013-09-10 03:15,34,4.28
USGS,402114105350101,2013-09-10 03:30,35,4.29
USGS,402114105350101,2013-09-10 03:45,34,4.28
USGS,402114105350101,2013-09-10 04:00,35,4.29
USGS,402114105350101,2013-09-10 04:15,35,4.29
USGS,402114105350101,2013-09-10 04:30,36,4.3
USGS,402114105350101,2013-09-10 04:45,36,4.3
USGS,402114105350101,2013-09-10 05:00,36,4.3
USGS,402114105350101,2013-09-10 05:15,36,4.3
USGS,402114105350101,2013-09-10 05:30,37,4.31
USGS,402114105350101,2013-09-10 05:45,36,4.3
USGS,402114105350101,2013-09-10 06:00,37,4.31
USGS,402114105350101,2013-09-10 06:15,38,4.32
USGS,402114105350101,2013-09-10 06:30,38,4.32
USGS,402114105350101,2013-09-10 06:45,38,4.32
USGS,402114105350101,2013-09-10 07:00,39,4.33
USGS,402114105350101,2013-09-10 07:15,39,4.33
USGS,402114105350101,2013-09-10 07:30,39,4.33
USGS,402114105350101,2013-09-10 07:45,39,4.33
USGS,402114105350101,2013-09-10 08:00,40,4.34
USGS,402114105350101,2013-09-10 08:15,39,4.33
USGS,402114105350101,2013-09-10 08:30,39,4.33
USGS,402114105350101,2013-09-10 08:45,39,4.33
USGS,402114105350101,2013-09-10 09:00,40,4.34
USGS,402114105350101,2013-09-10 09:15,41,4.35
USGS,402114105350101,2013-09-10 09:30,41,4.35
USGS,402114105350101,2013-09-10 09:45,41,4.35
USGS,402114105350101,2013-09-10 10:00,42,4.36
USGS,402114105350101,2013-09-10 10:15,41,4.35
USGS,402114105350101,2013-09-10 10:30,42,4.36
USGS,402114105350101,2013-09-10 10:45,43,4.37
USGS,402114105350101,2013-09-10 11:00,43,4.37
USGS,402114105350101,2013-09-10 11:15,44,4.38
USGS,402114105350101,2013-09-10 11:30,43,4.37
USGS,402114105350101,2013-09-10 11:45,44,4.38
USGS,402114105350101,2013-09-10 12:00,45,4.39
USGS,402114105350101,2013-09-10 12:15,45,4.39
USGS,402114105350101,2013-09-10 12:30,44,4.38
USGS,402114105350101,2013-09-10 12:45,44,4.38
USGS,402114105350101,2013-09-10 13:00,44,4.38
USGS,402114105350101,2013-09-10 13:15,45,4.39
USGS,402114105350101,2013-09-10 13:30,45,4.39
USGS,402114105350101,2013-09-10 13:45,43,4.37
USGS,402114105350101,2013-09-10 14:00,43,4.37
USGS,402114105350101,2013-09-10 14:15,44,4.38
USGS,402114105350101,2013-09-10 14:30,44,4.38
USGS,402114105350101,2013-09-10 14:45,44,4.38
USGS,402114105350101,2013-09-10 15:00,44,4.38
USGS,402114105350101,2013-09-10 15:15,44,4.38
USGS,402114105350101,2013-09-10 15:30,44,4.38
USGS,402114105350101,2013-09-10 15:45,44,4.38
USGS,402114105350101,2013-09-10 16:00,44,4.38
USGS,402114105350101,2013-09-10 16:15,44,4.38
USGS,402114105350101,2013-09-10 16:30,44,4.38
USGS,402114105350101,2013-09-10 16:45,43,4.37
USGS,402114105350101,2013-09-10 17:00,43,4.37
USGS,402114105350101,2013-09-10 17:15,43,4.37
USGS,402114105350101,2013-09-10 17:30,43,4.37
USGS,402114105350101,2013-09-10 17:45,43,4.37
USGS,402114105350101,2013-09-10 18:00,43,4.37
USGS,402114105350101,2013-09-10 18:15,43,4.37
USGS,402114105350101,2013-09-10 18:30,43,4.37
USGS,402114105350101,2013-09-10 18:45,43,4.37
USGS,402114105350101,2013-09-10 19:00,42,4.36
USGS,402114105350101,2013-09-10 19:15,42,4.36
USGS,402114105350101,2013-09-10 19:30,43,4.37
USGS,402114105350101,2013-09-10 19:45,42,4.36
USGS,402114105350101,2013-09-10 20:00,43,4.37
USGS,402114105350101,2013-09-10 20:15,43,4.37
USGS,402114105350101,2013-09-10 20:30,43,4.37
USGS,402114105350101,2013-09-10 20:45,43,4.37
USGS,402114105350101,2013-09-10 21:00,44,4.38
USGS,402114105350101,2013-09-10 21:15,43,4.37
USGS,402114105350101,2013-09-10 21:30,44,4.38
USGS,402114105350101,2013-09-10 21:45,45,4.39
USGS,402114105350101,2013-09-10 22:00,44,4.38
USGS,402114105350101,2013-09-10 22:15,45,4.39
USGS,402114105350101,2013-09-10 22:30,44,4.38
USGS,402114105350101,2013-09-10 22:45,44,4.38
USGS,402114105350101,2013-09-10 23:00,44,4.38
USGS,402114105350101,2013-09-10 23:15,44,4.38
USGS,402114105350101,2013-09-10 23:30,44,4.38
USGS,402114105350101,2013-09-10 23:45,43,4.37
USGS,402114105350101,2013-09-11 00:00,45,4.39
USGS,402114105350101,2013-09-11 00:15,44,4.38
USGS,402114105350101,2013-09-11 00:30,45,4.39
USGS,402114105350101,2013-09-11 00:45,45,4.39
USGS,402114105350101,2013-09-11 01:00,45,4.39
USGS,402114105350101,2013-09-11 01:15,45,4.39
USGS,402114105350101,2013-09-11 01:30,48,4.41
USGS,402114105350101,2013-09-11 01:45,44,4.38
USGS,402114105350101,2013-09-11 02:00,48,4.41
USGS,402114105350101,2013-09-11 02:15,48,4.41
USGS,402114105350101,2013-09-11 02:30,48,4.41
USGS,402114105350101,2013-09-11 02:45,49,4.42
USGS,402114105350101,2013-09-11 03:00,49,4.42
USGS,402114105350101,2013-09-11 03:15,50,4.43
USGS,402114105350101,2013-09-11 03:30,52,4.44
USGS,402114105350101,2013-09-11 03:45,52,4.44
USGS,402114105350101,2013-09-11 04:00,53,4.45
USGS,402114105350101,2013-09-11 04:15,52,4.44
USGS,402114105350101,2013-09-11 04:30,54,4.46
USGS,402114105350101,2013-09-11 04:45,55,4.47
USGS,402114105350101,2013-09-11 05:00,57,4.48
USGS,402114105350101,2013-09-11 05:15,58,4.49
USGS,402114105350101,2013-09-11 05:30,59,4.5
USGS,402114105350101,2013-09-11 05:45,61,4.51
USGS,402114105350101,2013-09-11 06:00,61,4.51
USGS,402114105350101,2013-09-11 06:15,62,4.52
USGS,402114105350101,2013-09-11 06:30,65,4.54
USGS,402114105350101,2013-09-11 06:45,65,4.54
USGS,402114105350101,2013-09-11 07:00,67,4.55
USGS,402114105350101,2013-09-11 07:15,68,4.56
USGS,402114105350101,2013-09-11 07:30,71,4.58
USGS,402114105350101,2013-09-11 07:45,71,4.58
USGS,402114105350101,2013-09-11 08:00,71,4.58
USGS,402114105350101,2013-09-11 08:15,76,4.61
USGS,402114105350101,2013-09-11 08:30,77,4.62
USGS,402114105350101,2013-09-11 08:45,79,4.63
USGS,402114105350101,2013-09-11 09:00,81,4.64
USGS,402114105350101,2013-09-11 09:15,81,4.64
USGS,402114105350101,2013-09-11 09:30,82,4.65
USGS,402114105350101,2013-09-11 09:45,79,4.63
USGS,402114105350101,2013-09-11 10:00,86,4.67
USGS,402114105350101,2013-09-11 10:15,86,4.67
USGS,402114105350101,2013-09-11 10:30,87,4.68
USGS,402114105350101,2013-09-11 10:45,86,4.67
USGS,402114105350101,2013-09-11 11:00,87,4.68
USGS,402114105350101,2013-09-11 11:15,87,4.68
USGS,402114105350101,2013-09-11 11:30,87,4.68
USGS,402114105350101,2013-09-11 11:45,87,4.68
USGS,402114105350101,2013-09-11 12:00,87,4.68
USGS,402114105350101,2013-09-11 12:15,89,4.69
USGS,402114105350101,2013-09-11 12:30,89,4.69
USGS,402114105350101,2013-09-11 12:45,89,4.69
USGS,402114105350101,2013-09-11 13:00,87,4.68
USGS,402114105350101,2013-09-11 13:15,87,4.68
USGS,402114105350101,2013-09-11 13:30,87,4.68
USGS,402114105350101,2013-09-11 13:45,87,4.68
USGS,402114105350101,2013-09-11 14:00,89,4.69
USGS,402114105350101,2013-09-11 14:15,87,4.68
USGS,402114105350101,2013-09-11 14:30,89,4.69
USGS,402114105350101,2013-09-11 14:45,89,4.69
USGS,402114105350101,2013-09-11 15:00,89,4.69
USGS,402114105350101,2013-09-11 15:15,89,4.69
USGS,402114105350101,2013-09-11 15:30,89,4.69
USGS,402114105350101,2013-09-11 15:45,89,4.69
USGS,402114105350101,2013-09-11 16:00,89,4.69
USGS,402114105350101,2013-09-11 16:15,89,4.69
USGS,402114105350101,2013-09-11 16:30,91,4.7
USGS,402114105350101,2013-09-11 16:45,91,4.7
USGS,402114105350101,2013-09-11 17:00,91,4.7
USGS,402114105350101,2013-09-11 17:15,91,4.7
USGS,402114105350101,2013-09-11 17:30,92,4.71
USGS,402114105350101,2013-09-11 17:45,92,4.71
USGS,402114105350101,2013-09-11 18:00,92,4.71
USGS,402114105350101,2013-09-11 18:15,93,4.72
USGS,402114105350101,2013-09-11 18:30,95,4.73
USGS,402114105350101,2013-09-11 18:45,95,4.73
USGS,402114105350101,2013-09-11 19:00,96,4.74
USGS,402114105350101,2013-09-11 19:15,93,4.72
USGS,402114105350101,2013-09-11 19:30,96,4.74
USGS,402114105350101,2013-09-11 19:45,96,4.74
USGS,402114105350101,2013-09-11 20:00,101,4.76
USGS,402114105350101,2013-09-11 20:15,101,4.76
USGS,402114105350101,2013-09-11 20:30,103,4.77
USGS,402114105350101,2013-09-11 20:45,106,4.79
USGS,402114105350101,2013-09-11 21:00,107,4.8
USGS,402114105350101,2013-09-11 21:15,109,4.81
USGS,402114105350101,2013-09-11 21:30,112,4.83
USGS,402114105350101,2013-09-11 21:45,115,4.85
USGS,402114105350101,2013-09-11 22:00,119,4.87
USGS,402114105350101,2013-09-11 22:15,124,4.9
USGS,402114105350101,2013-09-11 22:30,125,4.91
USGS,402114105350101,2013-09-11 22:45,134,4.95
USGS,402114105350101,2013-09-11 23:00,138,4.97
USGS,402114105350101,2013-09-11 23:15,145,5.01
USGS,402114105350101,2013-09-11 23:30,154,5.06
USGS,402114105350101,2013-09-11 23:45,162,5.1
USGS,402114105350101,2013-09-12 00:00,176,5.16
USGS,402114105350101,2013-09-12 00:15,189,5.22
USGS,402114105350101,2013-09-12 00:30,209,5.31
USGS,402114105350101,2013-09-12 00:45,237,5.41
USGS,402114105350101,2013-09-12 01:00,252,5.47
USGS,402114105350101,2013-09-12 01:15,271,5.53
USGS,402114105350101,2013-09-12 01:30,294,5.61
USGS,402114105350101,2013-09-12 01:45,300,5.63
USGS,402114105350101,2013-09-12 02:00,330,5.73
USGS,402114105350101,2013-09-12 02:15,348,5.79
USGS,402114105350101,2013-09-12 02:30,361,5.83
USGS,402114105350101,2013-09-12 02:45,368,5.85
USGS,402114105350101,2013-09-12 03:00,381,5.89
USGS,402114105350101,2013-09-12 03:15,408,5.97
USGS,402114105350101,2013-09-12 03:30,418,6
USGS,402114105350101,2013-09-12 03:45,443,6.07
USGS,402114105350101,2013-09-12 04:00,450,6.09
USGS,402114105350101,2013-09-12 04:15,465,6.13
USGS,402114105350101,2013-09-12 04:30,480,6.17
USGS,402114105350101,2013-09-12 04:45,495,6.21
USGS,402114105350101,2013-09-12 05:00,507,6.24
USGS,402114105350101,2013-09-12 05:15,526,6.29
USGS,402114105350101,2013-09-12 05:30,551,6.35
USGS,402114105350101,2013-09-12 05:45,575,6.41
USGS,402114105350101,2013-09-12 06:00,605,6.48
USGS,402114105350101,2013-09-12 06:15,644,6.57
USGS,402114105350101,2013-09-12 06:30,693,6.68
USGS,402114105350101,2013-09-12 06:45,735,6.77
USGS,402114105350101,2013-09-12 07:00,788,6.88
USGS,402114105350101,2013-09-12 07:15,838,6.98
USGS,402114105350101,2013-09-12 07:30,885,7.07
USGS,402114105350101,2013-09-12 07:45,938,7.17
USGS,402114105350101,2013-09-12 08:00,1000,7.29
USGS,402114105350101,2013-09-12 08:15,,7.52
USGS,402114105350101,2013-09-12 08:30,1060,7.39
USGS,402114105350101,2013-09-12 08:45,1080,7.42
USGS,402114105350101,2013-09-12 09:00,1080,7.43
USGS,402114105350101,2013-09-12 09:15,1080,7.42
USGS,402114105350101,2013-09-12 09:30,1060,7.39
USGS,402114105350101,2013-09-12 09:45,1060,7.39
USGS,402114105350101,2013-09-12 10:00,1040,7.36
USGS,402114105350101,2013-09-12 10:15,1030,7.34
USGS,402114105350101,2013-09-12 10:30,1020,7.32
USGS,402114105350101,2013-09-12 10:45,1010,7.3
USGS,402114105350101,2013-09-12 11:00,1000,7.29
USGS,402114105350101,2013-09-12 11:15,988,7.26
USGS,402114105350101,2013-09-12 11:30,977,7.24
USGS,402114105350101,2013-09-12 11:45,960,7.21
USGS,402114105350101,2013-09-12 12:00,944,7.18
USGS,402114105350101,2013-09-12 12:15,949,7.19
USGS,402114105350101,2013-09-12 12:30,944,7.18
USGS,402114105350101,2013-09-12 12:45,922,7.14
USGS,402114105350101,2013-09-12 13:00,922,7.14
USGS,402114105350101,2013-09-12 13:15,917,7.13
USGS,402114105350101,2013-09-12 13:30,911,7.12
USGS,402114105350101,2013-09-12 13:45,901,7.1
USGS,402114105350101,2013-09-12 14:00,906,7.11
USGS,402114105350101,2013-09-12 14:15,895,7.09
USGS,402114105350101,2013-09-12 14:30,885,7.07
USGS,402114105350101,2013-09-12 14:45,890,7.08
USGS,402114105350101,2013-09-12 15:00,885,7.07
USGS,402114105350101,2013-09-12 15:15,875,7.05
USGS,402114105350101,2013-09-12 15:30,859,7.02
USGS,402114105350101,2013-09-12 15:45,844,6.99
USGS,402114105350101,2013-09-12 16:00,838,6.98
USGS,402114105350101,2013-09-12 16:15,823,6.95
USGS,402114105350101,2013-09-12 16:30,813,6.93
USGS,402114105350101,2013-09-12 16:45,808,6.92
USGS,402114105350101,2013-09-12 17:00,798,6.9
USGS,402114105350101,2013-09-12 17:15,783,6.87
USGS,402114105350101,2013-09-12 17:30,779,6.86
USGS,402114105350101,2013-09-12 17:45,774,6.85
USGS,402114105350101,2013-09-12 18:00,774,6.85
USGS,402114105350101,2013-09-12 18:15,774,6.85
USGS,402114105350101,2013-09-12 18:30,764,6.83
USGS,402114105350101,2013-09-12 18:45,764,6.83
USGS,402114105350101,2013-09-12 19:00,769,6.84
USGS,402114105350101,2013-09-12 19:15,754,6.81
USGS,402114105350101,2013-09-12 19:30,740,6.78
USGS,402114105350101,2013-09-12 19:45,735,6.77
USGS,402114105350101,2013-09-12 20:00,740,6.78
USGS,402114105350101,2013-09-12 20:15,726,6.75
USGS,402114105350101,2013-09-12 20:30,721,6.74
USGS,402114105350101,2013-09-12 20:45,712,6.72
USGS,402114105350101,2013-09-12 21:00,702,6.7
USGS,402114105350101,2013-09-12 21:15,702,6.7
USGS,402114105350101,2013-09-12 21:30,707,6.71
USGS,402114105350101,2013-09-12 21:45,716,6.73
USGS,402114105350101,2013-09-12 22:00,712,6.72
USGS,402114105350101,2013-09-12 22:15,731,6.76
USGS,402114105350101,2013-09-12 22:30,731,6.76
USGS,402114105350101,2013-09-12 22:45,745,6.79
USGS,402114105350101,2013-09-12 23:00,759,6.82
USGS,402114105350101,2013-09-12 23:15,769,6.84
USGS,402114105350101,2013-09-12 23:30,783,6.87
USGS,402114105350101,2013-09-12 23:45,793,6.89
USGS,402114105350101,2013-09-13 00:00,798,6.9
USGS,402114105350101,2013-09-13 00:15,808,6.92
USGS,402114105350101,2013-09-13 00:30,818,6.94
USGS,402114105350101,2013-09-13 00:45,813,6.93
USGS,402114105350101,2013-09-13 01:00,818,6.94
USGS,402114105350101,2013-09-13 01:15,838,6.98
USGS,402114105350101,2013-09-13 01:30,844,6.99
USGS,402114105350101,2013-09-13 01:45,844,6.99
USGS,402114105350101,2013-09-13 02:00,854,7.01
USGS,402114105350101,2013-09-13 02:15,869,7.04
USGS,402114105350101,2013-09-13 02:30,901,7.1
USGS,402114105350101,2013-09-13 02:45,917,7.13
USGS,402114105350101,2013-09-13 03:00,944,7.18
USGS,402114105350101,2013-09-13 03:15,949,7.19
USGS,402114105350101,2013-09-13 03:30,960,7.21
USGS,402114105350101,2013-09-13 03:45,971,7.23
USGS,402114105350101,2013-09-13 04:00,993,7.27
USGS,402114105350101,2013-09-13 04:15,999,7.28
USGS,402114105350101,2013-09-13 04:30,1010,7.3
USGS,402114105350101,2013-09-13 04:45,1020,7.32
USGS,402114105350101,2013-09-13 05:00,1030,7.33
USGS,402114105350101,2013-09-13 05:15,1040,7.35
USGS,402114105350101,2013-09-13 05:30,1040,7.36
USGS,402114105350101,2013-09-13 05:45,1040,7.36
USGS,402114105350101,2013-09-13 06:00,1030,7.33
USGS,402114105350101,2013-09-13 06:15,1030,7.33
USGS,402114105350101,2013-09-13 06:30,1020,7.32
USGS,402114105350101,2013-09-13 06:45,1000,7.29
USGS,402114105350101,2013-09-13 07:00,993,7.27
USGS,402114105350101,2013-09-13 07:15,977,7.24
USGS,402114105350101,2013-09-13 07:30,955,7.2
USGS,402114105350101,2013-09-13 07:45,944,7.18
USGS,402114105350101,2013-09-13 08:00,917,7.13
USGS,402114105350101,2013-09-13 08:15,911,7.12
USGS,402114105350101,2013-09-13 08:30,890,7.08
USGS,402114105350101,2013-09-13 08:45,885,7.07
USGS,402114105350101,2013-09-13 09:00,864,7.03
USGS,402114105350101,2013-09-13 09:15,859,7.02
USGS,402114105350101,2013-09-13 09:30,849,7
USGS,402114105350101,2013-09-13 09:45,844,6.99
USGS,402114105350101,2013-09-13 10:00,823,6.95
USGS,402114105350101,2013-09-13 10:15,818,6.94
USGS,402114105350101,2013-09-13 10:30,823,6.95
USGS,402114105350101,2013-09-13 10:45,813,6.93
USGS,402114105350101,2013-09-13 11:00,813,6.93
USGS,402114105350101,2013-09-13 11:15,803,6.91
USGS,402114105350101,2013-09-13 11:30,803,6.91
USGS,402114105350101,2013-09-13 11:45,788,6.88
USGS,402114105350101,2013-09-13 12:00,783,6.87
USGS,402114105350101,2013-09-13 12:15,783,6.87
USGS,402114105350101,2013-09-13 12:30,779,6.86
USGS,402114105350101,2013-09-13 12:45,774,6.85
USGS,402114105350101,2013-09-13 13:00,769,6.84
USGS,402114105350101,2013-09-13 13:15,764,6.83
USGS,402114105350101,2013-09-13 13:30,750,6.8
USGS,402114105350101,2013-09-13 13:45,740,6.78
USGS,402114105350101,2013-09-13 14:00,731,6.76
USGS,402114105350101,2013-09-13 14:15,721,6.74
USGS,402114105350101,2013-09-13 14:30,721,6.74
USGS,402114105350101,2013-09-13 14:45,702,6.7
USGS,402114105350101,2013-09-13 15:00,693,6.68
USGS,402114105350101,2013-09-13 15:15,684,6.66
USGS,402114105350101,2013-09-13 15:30,684,6.66
USGS,402114105350101,2013-09-13 15:45,680,6.65
USGS,402114105350101,2013-09-13 16:00,657,6.6
USGS,402114105350101,2013-09-13 16:15,653,6.59
USGS,402114105350101,2013-09-13 16:30,648,6.58
USGS,402114105350101,2013-09-13 16:45,644,6.57
USGS,402114105350101,2013-09-13 17:00,626,6.53
USGS,402114105350101,2013-09-13 17:15,622,6.52
USGS,402114105350101,2013-09-13 17:30,617,6.51
USGS,402114105350101,2013-09-13 17:45,609,6.49
USGS,402114105350101,2013-09-13 18:00,600,6.47
USGS,402114105350101,2013-09-13 18:15,596,6.46
USGS,402114105350101,2013-09-13 18:30,588,6.44
USGS,402114105350101,2013-09-13 18:45,583,6.43
USGS,402114105350101,2013-09-13 19:00,571,6.4
USGS,402114105350101,2013-09-13 19:15,571,6.4
USGS,402114105350101,2013-09-13 19:30,559,6.37
USGS,402114105350101,2013-09-13 19:45,559,6.37
USGS,402114105350101,2013-09-13 20:00,546,6.34
USGS,402114105350101,2013-09-13 20:15,542,6.33
USGS,402114105350101,2013-09-13 20:30,534,6.31
USGS,402114105350101,2013-09-13 20:45,534,6.31
USGS,402114105350101,2013-09-13 21:00,526,6.29
USGS,402114105350101,2013-09-13 21:15,523,6.28
USGS,402114105350101,2013-09-13 21:30,515,6.26
USGS,402114105350101,2013-09-13 21:45,515,6.26
USGS,402114105350101,2013-09-13 22:00,507,6.24
USGS,402114105350101,2013-09-13 22:15,499,6.22
USGS,402114105350101,2013-09-13 22:30,499,6.22
USGS,402114105350101,2013-09-13 22:45,491,6.2
USGS,402114105350101,2013-09-13 23:00,484,6.18
USGS,402114105350101,2013-09-13 23:15,484,6.18
USGS,402114105350101,2013-09-13 23:30,476,6.16
USGS,402114105350101,2013-09-13 23:45,473,6.15
USGS,402114105350101,2013-09-14 00:00,473,6.15
USGS,402114105350101,2013-09-14 00:15,465,6.13
USGS,402114105350101,2013-09-14 00:30,461,6.12
USGS,402114105350101,2013-09-14 00:45,458,6.11
USGS,402114105350101,2013-09-14 01:00,458,6.11
USGS,402114105350101,2013-09-14 01:15,447,6.08
USGS,402114105350101,2013-09-14 01:30,447,6.08
USGS,402114105350101,2013-09-14 01:45,436,6.05
USGS,402114105350101,2013-09-14 02:00,440,6.06
USGS,402114105350101,2013-09-14 02:15,436,6.05
USGS,402114105350101,2013-09-14 02:30,432,6.04
USGS,402114105350101,2013-09-14 02:45,425,6.02
USGS,402114105350101,2013-09-14 03:00,422,6.01
USGS,402114105350101,2013-09-14 03:15,422,6.01
USGS,402114105350101,2013-09-14 03:30,422,6.01
USGS,402114105350101,2013-09-14 03:45,418,6
USGS,402114105350101,2013-09-14 04:00,408,5.97
USGS,402114105350101,2013-09-14 04:15,411,5.98
USGS,402114105350101,2013-09-14 04:30,408,5.97
USGS,402114105350101,2013-09-14 04:45,401,5.95
USGS,402114105350101,2013-09-14 05:00,401,5.95
USGS,402114105350101,2013-09-14 05:15,401,5.95
USGS,402114105350101,2013-09-14 05:30,391,5.92
USGS,402114105350101,2013-09-14 05:45,391,5.92
USGS,402114105350101,2013-09-14 06:00,391,5.92
USGS,402114105350101,2013-09-14 06:15,391,5.92
USGS,402114105350101,2013-09-14 06:30,384,5.9
USGS,402114105350101,2013-09-14 06:45,381,5.89
USGS,402114105350101,2013-09-14 07:00,381,5.89
USGS,402114105350101,2013-09-14 07:15,378,5.88
USGS,402114105350101,2013-09-14 07:30,374,5.87
USGS,402114105350101,2013-09-14 07:45,374,5.87
USGS,402114105350101,2013-09-14 08:00,368,5.85
USGS,402114105350101,2013-09-14 08:15,368,5.85
USGS,402114105350101,2013-09-14 08:30,364,5.84
USGS,402114105350101,2013-09-14 08:45,368,5.85
USGS,402114105350101,2013-09-14 09:00,361,5.83
USGS,402114105350101,2013-09-14 09:15,358,5.82
USGS,402114105350101,2013-09-14 09:30,358,5.82
USGS,402114105350101,2013-09-14 09:45,355,5.81
USGS,402114105350101,2013-09-14 10:00,352,5.8
USGS,402114105350101,2013-09-14 10:15,352,5.8
USGS,402114105350101,2013-09-14 10:30,348,5.79
USGS,402114105350101,2013-09-14 10:45,348,5.79
USGS,402114105350101,2013-09-14 11:00,345,5.78
USGS,402114105350101,2013-09-14 11:15,345,5.78
USGS,402114105350101,2013-09-14 11:30,342,5.77
USGS,402114105350101,2013-09-14 11:45,342,5.77
USGS,402114105350101,2013-09-14 12:00,333,5.74
USGS,402114105350101,2013-09-14 12:15,336,5.75
USGS,402114105350101,2013-09-14 12:30,339,5.76
USGS,402114105350101,2013-09-14 12:45,333,5.74
USGS,402114105350101,2013-09-14 13:00,330,5.73
USGS,402114105350101,2013-09-14 13:15,330,5.73
USGS,402114105350101,2013-09-14 13:30,327,5.72
USGS,402114105350101,2013-09-14 13:45,324,5.71
USGS,402114105350101,2013-09-14 14:00,320,5.7
USGS,402114105350101,2013-09-14 14:15,317,5.69
USGS,402114105350101,2013-09-14 14:30,320,5.7
USGS,402114105350101,2013-09-14 14:45,317,5.69
USGS,402114105350101,2013-09-14 15:00,309,5.66
USGS,402114105350101,2013-09-14 15:15,317,5.69
USGS,402114105350101,2013-09-14 15:30,311,5.67
USGS,402114105350101,2013-09-14 15:45,309,5.66
USGS,402114105350101,2013-09-14 16:00,311,5.67
USGS,402114105350101,2013-09-14 16:15,309,5.66
USGS,402114105350101,2013-09-14 16:30,303,5.64
USGS,402114105350101,2013-09-14 16:45,306,5.65
USGS,402114105350101,2013-09-14 17:00,306,5.65
USGS,402114105350101,2013-09-14 17:15,303,5.64
USGS,402114105350101,2013-09-14 17:30,300,5.63
USGS,402114105350101,2013-09-14 17:45,300,5.63
USGS,402114105350101,2013-09-14 18:00,294,5.61
USGS,402114105350101,2013-09-14 18:15,297,5.62
USGS,402114105350101,2013-09-14 18:30,297,5.62
USGS,402114105350101,2013-09-14 18:45,297,5.62
USGS,402114105350101,2013-09-14 19:00,297,5.62
USGS,402114105350101,2013-09-14 19:15,297,5.62
USGS,402114105350101,2013-09-14 19:30,297,5.62
USGS,402114105350101,2013-09-14 19:45,294,5.61
USGS,402114105350101,2013-09-14 20:00,294,5.61
USGS,402114105350101,2013-09-14 20:15,291,5.6
USGS,402114105350101,2013-09-14 20:30,291,5.6
USGS,402114105350101,2013-09-14 20:45,291,5.6
USGS,402114105350101,2013-09-14 21:00,291,5.6
USGS,402114105350101,2013-09-14 21:15,291,5.6
USGS,402114105350101,2013-09-14 21:30,285,5.58
USGS,402114105350101,2013-09-14 21:45,291,5.6
USGS,402114105350101,2013-09-14 22:00,285,5.58
USGS,402114105350101,2013-09-14 22:15,285,5.58
USGS,402114105350101,2013-09-14 22:30,288,5.59
USGS,402114105350101,2013-09-14 22:45,291,5.6
USGS,402114105350101,2013-09-14 23:00,285,5.58
USGS,402114105350101,2013-09-14 23:15,288,5.59
USGS,402114105350101,2013-09-14 23:30,288,5.59
USGS,402114105350101,2013-09-14 23:45,280,5.56
USGS,402114105350101,2013-09-15 00:00,280,5.56
USGS,402114105350101,2013-09-15 00:15,277,5.55
USGS,402114105350101,2013-09-15 00:30,280,5.56
USGS,402114105350101,2013-09-15 00:45,280,5.56
USGS,402114105350101,2013-09-15 01:00,280,5.56
USGS,402114105350101,2013-09-15 01:15,277,5.55
USGS,402114105350101,2013-09-15 01:30,277,5.55
USGS,402114105350101,2013-09-15 01:45,271,5.53
USGS,402114105350101,2013-09-15 02:00,271,5.53
USGS,402114105350101,2013-09-15 02:15,271,5.53
USGS,402114105350101,2013-09-15 02:30,271,5.53
USGS,402114105350101,2013-09-15 02:45,268,5.52
USGS,402114105350101,2013-09-15 03:00,266,5.51
USGS,402114105350101,2013-09-15 03:15,266,5.51
USGS,402114105350101,2013-09-15 03:30,266,5.51
USGS,402114105350101,2013-09-15 03:45,268,5.52
USGS,402114105350101,2013-09-15 04:00,266,5.51
USGS,402114105350101,2013-09-15 04:15,258,5.49
USGS,402114105350101,2013-09-15 04:30,260,5.5
USGS,402114105350101,2013-09-15 04:45,258,5.49
USGS,402114105350101,2013-09-15 05:00,260,5.5
USGS,402114105350101,2013-09-15 05:15,255,5.48
USGS,402114105350101,2013-09-15 05:30,258,5.49
USGS,402114105350101,2013-09-15 05:45,255,5.48
USGS,402114105350101,2013-09-15 06:00,255,5.48
USGS,402114105350101,2013-09-15 06:15,255,5.48
USGS,402114105350101,2013-09-15 06:30,252,5.47
USGS,402114105350101,2013-09-15 06:45,255,5.48
USGS,402114105350101,2013-09-15 07:00,250,5.46
USGS,402114105350101,2013-09-15 07:15,252,5.47
USGS,402114105350101,2013-09-15 07:30,247,5.45
USGS,402114105350101,2013-09-15 07:45,250,5.46
USGS,402114105350101,2013-09-15 08:00,250,5.46
USGS,402114105350101,2013-09-15 08:15,247,5.45
USGS,402114105350101,2013-09-15 08:30,247,5.45
USGS,402114105350101,2013-09-15 08:45,244,5.44
USGS,402114105350101,2013-09-15 09:00,247,5.45
USGS,402114105350101,2013-09-15 09:15,244,5.44
USGS,402114105350101,2013-09-15 09:30,244,5.44
USGS,402114105350101,2013-09-15 09:45,242,5.43
USGS,402114105350101,2013-09-15 10:00,250,5.46
USGS,402114105350101,2013-09-15 10:15,252,5.47
USGS,402114105350101,2013-09-15 10:30,255,5.48
USGS,402114105350101,2013-09-15 10:45,255,5.48
USGS,402114105350101,2013-09-15 11:00,255,5.48
USGS,402114105350101,2013-09-15 11:15,252,5.47
USGS,402114105350101,2013-09-15 11:30,266,5.51
USGS,402114105350101,2013-09-15 11:45,255,5.48
USGS,402114105350101,2013-09-15 12:00,260,5.5
USGS,402114105350101,2013-09-15 12:15,266,5.51
USGS,402114105350101,2013-09-15 12:30,271,5.53
USGS,402114105350101,2013-09-15 12:45,268,5.52
USGS,402114105350101,2013-09-15 13:00,271,5.53
USGS,402114105350101,2013-09-15 13:15,274,5.54
USGS,402114105350101,2013-09-15 13:30,277,5.55
USGS,402114105350101,2013-09-15 13:45,280,5.56
USGS,402114105350101,2013-09-15 14:00,280,5.56
USGS,402114105350101,2013-09-15 14:15,282,5.57
USGS,402114105350101,2013-09-15 14:30,277,5.55
USGS,402114105350101,2013-09-15 14:45,277,5.55
